מחוז טריטוריאלי,חודש קבלה,עיר,יום בשבוע,כמות  אירועים
משמר הגבול,3,גבעת ישעיהו,חמישי,1
משמר הגבול,3,נווה מיכאל,שלישי,1
משמר הגבול,3,עגור,שישי,1
משמר הגבול,3,שורש,חמישי,1
משמר הגבול,3,Total,,4
משמר הגבול,4,אביעזר,חמישי,1
משמר הגבול,4,אדרת,שישי,1
משמר הגבול,4,בקוע,חמישי,1
משמר הגבול,4,בקוע,ראשון,1
משמר הגבול,4,גבעת יערים,ראשון,1
משמר הגבול,4,זכריה,רביעי,1
משמר הגבול,4,טל שחר,רביעי,1
משמר הגבול,4,טל שחר,שלישי,1
משמר הגבול,4,ישעי,ראשון,1
משמר הגבול,4,ישעי,שישי,1
משמר הגבול,4,מחסיה,שלישי,1
משמר הגבול,4,מחסיה,ראשון,1
משמר הגבול,4,נווה מיכאל,ראשון,1
משמר הגבול,4,נחושה,שני,1
משמר הגבול,4,צור הדסה,חמישי,2
משמר הגבול,4,צור הדסה,שלישי,1
משמר הגבול,4,צלפון,שישי,1
משמר הגבול,4,שדות מיכה,רביעי,1
משמר הגבול,4,Total,,19
משמר הגבול,Total,,,23
מחוז תא,3,אור יהודה,חמישי,2
מחוז תא,3,אור יהודה,רביעי,1
מחוז תא,3,אור יהודה,שני,1
מחוז תא,3,אור יהודה,ראשון,3
מחוז תא,3,אור יהודה,שבת,3
מחוז תא,3,אזור,חמישי,1
מחוז תא,3,אזור,שלישי,1
מחוז תא,3,אזור,שני,2
מחוז תא,3,אזור,ראשון,1
מחוז תא,3,אזור,שישי,1
מחוז תא,3,בני ברק,חמישי,1
מחוז תא,3,בני ברק,רביעי,1
מחוז תא,3,בני ברק,שלישי,3
מחוז תא,3,בני ברק,שני,3
מחוז תא,3,בני ברק,ראשון,4
מחוז תא,3,בני ברק,שבת,3
מחוז תא,3,בני ברק,שישי,1
מחוז תא,3,בת ים,חמישי,3
מחוז תא,3,בת ים,רביעי,8
מחוז תא,3,בת ים,שלישי,16
מחוז תא,3,בת ים,שני,10
מחוז תא,3,בת ים,ראשון,12
מחוז תא,3,בת ים,שבת,9
מחוז תא,3,בת ים,שישי,7
מחוז תא,3,גבעת שמואל,רביעי,1
מחוז תא,3,גבעת שמואל,שבת,1
מחוז תא,3,גבעתיים,חמישי,3
מחוז תא,3,גבעתיים,שלישי,1
מחוז תא,3,גבעתיים,שני,3
מחוז תא,3,גבעתיים,ראשון,2
מחוז תא,3,גבעתיים,שבת,2
מחוז תא,3,גבעתיים,שישי,3
מחוז תא,3,גני תקווה,שלישי,1
מחוז תא,3,גני תקווה,ראשון,1
מחוז תא,3,הרצליה,חמישי,2
מחוז תא,3,הרצליה,רביעי,2
מחוז תא,3,הרצליה,שלישי,4
מחוז תא,3,הרצליה,שני,3
מחוז תא,3,הרצליה,ראשון,2
מחוז תא,3,הרצליה,שבת,5
מחוז תא,3,חולון,חמישי,6
מחוז תא,3,חולון,רביעי,5
מחוז תא,3,חולון,שלישי,12
מחוז תא,3,חולון,שני,7
מחוז תא,3,חולון,ראשון,12
מחוז תא,3,חולון,שבת,16
מחוז תא,3,חולון,שישי,6
מחוז תא,3,יהוד מונוסון,שני,3
מחוז תא,3,יהוד מונוסון,ראשון,1
מחוז תא,3,יהוד מונוסון,שישי,1
מחוז תא,3,כפר שמריהו,שני,1
מחוז תא,3,קרית אונו,חמישי,1
מחוז תא,3,קרית אונו,רביעי,1
מחוז תא,3,קרית אונו,ראשון,4
מחוז תא,3,קרית אונו,שבת,1
מחוז תא,3,קרית אונו,שישי,2
מחוז תא,3,רמת גן,חמישי,4
מחוז תא,3,רמת גן,רביעי,5
מחוז תא,3,רמת גן,שלישי,4
מחוז תא,3,רמת גן,שני,5
מחוז תא,3,רמת גן,ראשון,5
מחוז תא,3,רמת גן,שבת,8
מחוז תא,3,רמת גן,שישי,6
מחוז תא,3,רמת השרון,ראשון,1
מחוז תא,3,רמת השרון,שישי,1
מחוז תא,3,תל אביב -יפו,חמישי,11
מחוז תא,3,תל אביב -יפו,רביעי,16
מחוז תא,3,תל אביב -יפו,שלישי,33
מחוז תא,3,תל אביב -יפו,שני,31
מחוז תא,3,תל אביב -יפו,ראשון,16
מחוז תא,3,תל אביב -יפו,שבת,35
מחוז תא,3,תל אביב -יפו,שישי,13
מחוז תא,3,Total,,406
מחוז תא,4,אור יהודה,חמישי,4
מחוז תא,4,אור יהודה,רביעי,7
מחוז תא,4,אור יהודה,שלישי,4
מחוז תא,4,אור יהודה,שני,5
מחוז תא,4,אור יהודה,ראשון,1
מחוז תא,4,אור יהודה,שבת,3
מחוז תא,4,אור יהודה,שישי,6
מחוז תא,4,אזור,חמישי,2
מחוז תא,4,אזור,שלישי,1
מחוז תא,4,אזור,שני,1
מחוז תא,4,אזור,ראשון,1
מחוז תא,4,אזור,שבת,1
מחוז תא,4,בני ברק,חמישי,12
מחוז תא,4,בני ברק,רביעי,12
מחוז תא,4,בני ברק,שלישי,10
מחוז תא,4,בני ברק,שני,12
מחוז תא,4,בני ברק,ראשון,9
מחוז תא,4,בני ברק,שבת,10
מחוז תא,4,בני ברק,שישי,15
מחוז תא,4,בת ים,חמישי,36
מחוז תא,4,בת ים,רביעי,17
מחוז תא,4,בת ים,שלישי,20
מחוז תא,4,בת ים,שני,17
מחוז תא,4,בת ים,ראשון,15
מחוז תא,4,בת ים,שבת,25
מחוז תא,4,בת ים,שישי,34
מחוז תא,4,גבעת שמואל,חמישי,2
מחוז תא,4,גבעת שמואל,שלישי,1
מחוז תא,4,גבעת שמואל,שני,1
מחוז תא,4,גבעת שמואל,שבת,2
מחוז תא,4,גבעת שמואל,שישי,5
מחוז תא,4,גבעתיים,חמישי,12
מחוז תא,4,גבעתיים,רביעי,5
מחוז תא,4,גבעתיים,שלישי,7
מחוז תא,4,גבעתיים,שני,4
מחוז תא,4,גבעתיים,ראשון,2
מחוז תא,4,גבעתיים,שבת,2
מחוז תא,4,גבעתיים,שישי,4
מחוז תא,4,גני תקווה,רביעי,1
מחוז תא,4,גני תקווה,שני,1
מחוז תא,4,גני תקווה,ראשון,2
מחוז תא,4,גני תקווה,שבת,1
מחוז תא,4,גני תקווה,שישי,3
מחוז תא,4,הרצליה,חמישי,3
מחוז תא,4,הרצליה,רביעי,10
מחוז תא,4,הרצליה,שלישי,4
מחוז תא,4,הרצליה,שני,9
מחוז תא,4,הרצליה,ראשון,9
מחוז תא,4,הרצליה,שבת,12
מחוז תא,4,הרצליה,שישי,12
מחוז תא,4,חולון,חמישי,37
מחוז תא,4,חולון,רביעי,25
מחוז תא,4,חולון,שלישי,25
מחוז תא,4,חולון,שני,28
מחוז תא,4,חולון,ראשון,23
מחוז תא,4,חולון,שבת,23
מחוז תא,4,חולון,שישי,27
מחוז תא,4,יהוד מונוסון,חמישי,5
מחוז תא,4,יהוד מונוסון,רביעי,4
מחוז תא,4,יהוד מונוסון,שלישי,2
מחוז תא,4,יהוד מונוסון,שני,2
מחוז תא,4,יהוד מונוסון,ראשון,2
מחוז תא,4,יהוד מונוסון,שבת,3
מחוז תא,4,יהוד מונוסון,שישי,2
מחוז תא,4,לא ידוע,חמישי,1
מחוז תא,4,סביון,שישי,1
מחוז תא,4,קרית אונו,חמישי,4
מחוז תא,4,קרית אונו,רביעי,3
מחוז תא,4,קרית אונו,שלישי,4
מחוז תא,4,קרית אונו,שני,1
מחוז תא,4,קרית אונו,ראשון,2
מחוז תא,4,קרית אונו,שבת,1
מחוז תא,4,קרית אונו,שישי,2
מחוז תא,4,רמת גן,חמישי,19
מחוז תא,4,רמת גן,רביעי,26
מחוז תא,4,רמת גן,שלישי,21
מחוז תא,4,רמת גן,שני,21
מחוז תא,4,רמת גן,ראשון,21
מחוז תא,4,רמת גן,שבת,19
מחוז תא,4,רמת גן,שישי,21
מחוז תא,4,רמת השרון,חמישי,3
מחוז תא,4,רמת השרון,רביעי,2
מחוז תא,4,רמת השרון,שלישי,5
מחוז תא,4,רמת השרון,שני,3
מחוז תא,4,רמת השרון,ראשון,4
מחוז תא,4,רמת השרון,שבת,2
מחוז תא,4,רשפון,חמישי,1
מחוז תא,4,תל אביב -יפו,חמישי,71
מחוז תא,4,תל אביב -יפו,רביעי,63
מחוז תא,4,תל אביב -יפו,שלישי,50
מחוז תא,4,תל אביב -יפו,שני,61
מחוז תא,4,תל אביב -יפו,ראשון,57
מחוז תא,4,תל אביב -יפו,שבת,73
מחוז תא,4,תל אביב -יפו,שישי,72
מחוז תא,4,Total,,"1,236"
מחוז תא,Total,,,"1,642"
מחוז שי,3,אבו דיס,שלישי,1
מחוז שי,3,אורנית,שלישי,1
מחוז שי,3,אלון מורה,שלישי,1
מחוז שי,3,אריאל,ראשון,1
מחוז שי,3,אריאל,שבת,2
מחוז שי,3,בית אריה,שלישי,1
מחוז שי,3,בית לחם,שני,1
מחוז שי,3,ביתר עילית,חמישי,1
מחוז שי,3,ביתר עילית,שלישי,1
מחוז שי,3,ביתר עילית,ראשון,2
מחוז שי,3,ביתר עילית,שישי,2
מחוז שי,3,חיננית,שישי,1
מחוז שי,3,חשמונאים,שני,1
מחוז שי,3,כוכב יעקב,שלישי,1
מחוז שי,3,כפר אדומים,שבת,1
מחוז שי,3,מודיעין עילית,ראשון,1
מחוז שי,3,מעלה אדומים,שני,1
מחוז שי,3,מעלה אדומים,ראשון,1
מחוז שי,3,עלי,שלישי,2
מחוז שי,3,קרית ארבע,שלישי,1
מחוז שי,3,קרני שומרון,ראשון,2
מחוז שי,3,רימונים,שבת,1
מחוז שי,3,שכם,שבת,1
מחוז שי,3,שערי תקווה,שני,1
מחוז שי,3,תקוע,ראשון,1
מחוז שי,3,Total,,30
מחוז שי,4,אבו דיס,שלישי,1
מחוז שי,4,אבו דיס,שבת,1
מחוז שי,4,אבני חפץ,שישי,1
מחוז שי,4,אורנית,חמישי,1
מחוז שי,4,איתמר,חמישי,1
מחוז שי,4,אלון מורה,רביעי,1
מחוז שי,4,אפרת,שני,1
מחוז שי,4,אפרת,ראשון,1
מחוז שי,4,אפרת,שבת,1
מחוז שי,4,אריאל,חמישי,3
מחוז שי,4,אריאל,שלישי,1
מחוז שי,4,אריאל,שני,1
מחוז שי,4,אריאל,ראשון,3
מחוז שי,4,אריאל,שישי,2
מחוז שי,4,אשכולות,שלישי,1
מחוז שי,4,ביתר עילית,חמישי,2
מחוז שי,4,ביתר עילית,רביעי,2
מחוז שי,4,ביתר עילית,שלישי,1
מחוז שי,4,ביתר עילית,שני,2
מחוז שי,4,ביתר עילית,ראשון,6
מחוז שי,4,ביתר עילית,שישי,2
מחוז שי,4,בקעות,שני,1
מחוז שי,4,גבע בנימין,חמישי,1
מחוז שי,4,גבע בנימין,שלישי,1
מחוז שי,4,גבע בנימין,שני,2
מחוז שי,4,גבע בנימין,ראשון,1
מחוז שי,4,גבע בנימין,שבת,2
מחוז שי,4,גני מודיעין,שני,1
מחוז שי,4,זיתא,חמישי,1
מחוז שי,4,חברון,חמישי,1
מחוז שי,4,חשמונאים,רביעי,1
מחוז שי,4,כוכב יעקב,חמישי,2
מחוז שי,4,כוכב יעקב,שלישי,1
מחוז שי,4,כוכב יעקב,ראשון,1
מחוז שי,4,כפר תפוח,שלישי,1
מחוז שי,4,כפר תפוח,ראשון,1
מחוז שי,4,לא ידוע,רביעי,1
מחוז שי,4,לא ידוע,שני,1
מחוז שי,4,מבוא חורון,שבת,1
מחוז שי,4,מגדלים,שני,1
מחוז שי,4,מודיעין עילית,רביעי,1
מחוז שי,4,מודיעין עילית,שני,1
מחוז שי,4,מודיעין עילית,ראשון,4
מחוז שי,4,מודיעין עילית,שישי,1
מחוז שי,4,מעלה אדומים,חמישי,2
מחוז שי,4,מעלה אדומים,רביעי,4
מחוז שי,4,מעלה אדומים,שלישי,1
מחוז שי,4,מעלה אדומים,שני,2
מחוז שי,4,מעלה אדומים,שבת,2
מחוז שי,4,מעלה אדומים,שישי,3
מחוז שי,4,נופים,שבת,1
מחוז שי,4,נוקדים,שבת,1
מחוז שי,4,נעלה,חמישי,1
מחוז שי,4,סוסיה,שני,1
מחוז שי,4,עלי,חמישי,2
מחוז שי,4,עלמון,שני,1
מחוז שי,4,עמנואל,חמישי,1
מחוז שי,4,עמנואל,שני,3
מחוז שי,4,עמנואל,ראשון,1
מחוז שי,4,עמנואל,שישי,3
מחוז שי,4,עפרה,שני,1
מחוז שי,4,עקרבה,שני,1
מחוז שי,4,פצאל,שני,1
מחוז שי,4,קטנה,שני,1
מחוז שי,4,קרית ארבע,שלישי,1
מחוז שי,4,קרית ארבע,ראשון,2
מחוז שי,4,קרית ארבע,שישי,1
מחוז שי,4,קרני שומרון,רביעי,1
מחוז שי,4,קרני שומרון,שלישי,1
מחוז שי,4,רימונים,רביעי,1
מחוז שי,4,שילה,חמישי,1
מחוז שי,4,שכם,חמישי,1
מחוז שי,4,תקוע,שלישי,1
מחוז שי,4,תרקומיא,שישי,1
מחוז שי,4,Total,,108
מחוז שי,Total,,,138
מחוז צפון,3,אומן,שלישי,1
מחוז צפון,3,אכסאל,שלישי,1
מחוז צפון,3,אכסאל,ראשון,1
מחוז צפון,3,בוקעתא,שלישי,1
מחוז צפון,3,בוקעתא,ראשון,1
מחוז צפון,3,ביענה,שני,2
מחוז צפון,3,ביענה,ראשון,1
מחוז צפון,3,בית ג'ן,רביעי,2
מחוז צפון,3,בית שאן,חמישי,1
מחוז צפון,3,בית שאן,שלישי,1
מחוז צפון,3,בית שאן,שבת,2
מחוז צפון,3,גבעת אבני,שישי,1
מחוז צפון,3,דייר אל אסד,רביעי,2
מחוז צפון,3,דייר אל אסד,שלישי,1
מחוז צפון,3,דייר חנא,רביעי,1
מחוז צפון,3,חבר,שישי,1
מחוז צפון,3,חמדיה,שלישי,1
מחוז צפון,3,חצור הגלילית,שבת,1
מחוז צפון,3,טבריה,חמישי,1
מחוז צפון,3,טבריה,רביעי,1
מחוז צפון,3,טבריה,שלישי,3
מחוז צפון,3,טבריה,שני,2
מחוז צפון,3,טבריה,ראשון,3
מחוז צפון,3,טבריה,שבת,1
מחוז צפון,3,טובא זנגריה,שבת,1
מחוז צפון,3,טורעאן,שני,1
מחוז צפון,3,טייבה ליד מולדת,שני,1
מחוז צפון,3,טירת צבי,חמישי,1
מחוז צפון,3,טמרה,ראשון,2
מחוז צפון,3,טמרה,שבת,1
מחוז צפון,3,יבנאל,ראשון,2
מחוז צפון,3,יקנעם,שלישי,1
מחוז צפון,3,יקנעם,ראשון,1
מחוז צפון,3,יקנעם עילית,רביעי,1
מחוז צפון,3,יקנעם עילית,שני,1
מחוז צפון,3,כאוכב אבו אל היגא,שבת,2
מחוז צפון,3,כעביה טבאש חג'אג'רה,שלישי,1
מחוז צפון,3,כפר כנא,שני,2
מחוז צפון,3,כפר מנדא,שלישי,1
מחוז צפון,3,כרמיאל,שלישי,1
מחוז צפון,3,כרמיאל,שני,3
מחוז צפון,3,כרמיאל,ראשון,1
מחוז צפון,3,כרמיאל,שישי,2
מחוז צפון,3,מג'דל שמס,שלישי,1
מחוז צפון,3,מג'דל שמס,ראשון,2
מחוז צפון,3,מגאר,שבת,1
מחוז צפון,3,מגדל,שלישי,1
מחוז צפון,3,מגדל העמק,חמישי,1
מחוז צפון,3,מגדל העמק,רביעי,1
מחוז צפון,3,מגדל העמק,שלישי,1
מחוז צפון,3,מגדל העמק,שבת,1
מחוז צפון,3,מגדל העמק,שישי,1
מחוז צפון,3,מזרע,שני,1
מחוז צפון,3,מטולה,שני,1
מחוז צפון,3,מעלות תרשיחא,שלישי,3
מחוז צפון,3,מעלות תרשיחא,שני,1
מחוז צפון,3,מעלות תרשיחא,ראשון,1
מחוז צפון,3,מעלות תרשיחא,שבת,1
מחוז צפון,3,מרגליות,שני,1
מחוז צפון,3,משהד,שבת,1
מחוז צפון,3,נוף הגליל,חמישי,2
מחוז צפון,3,נוף הגליל,רביעי,2
מחוז צפון,3,נוף הגליל,שלישי,3
מחוז צפון,3,נוף הגליל,שני,1
מחוז צפון,3,נוף הגליל,ראשון,1
מחוז צפון,3,נוף הגליל,שבת,2
מחוז צפון,3,נחף,שני,1
מחוז צפון,3,נין,רביעי,1
מחוז צפון,3,נצרת,חמישי,1
מחוז צפון,3,נצרת,רביעי,1
מחוז צפון,3,נצרת,ראשון,1
מחוז צפון,3,נצרת,שבת,2
מחוז צפון,3,סולם שונם,שבת,1
מחוז צפון,3,סלמה,שלישי,1
מחוז צפון,3,סלמה,שבת,1
מחוז צפון,3,עין מאהל,רביעי,1
מחוז צפון,3,עין מאהל,שלישי,1
מחוז צפון,3,עפולה,חמישי,2
מחוז צפון,3,עפולה,רביעי,1
מחוז צפון,3,עפולה,שלישי,3
מחוז צפון,3,עפולה,שני,3
מחוז צפון,3,עפולה,ראשון,6
מחוז צפון,3,עפולה,שבת,3
מחוז צפון,3,עפולה,שישי,2
מחוז צפון,3,עראבה,שלישי,1
מחוז צפון,3,פוריה נווה עובד,שלישי,1
מחוז צפון,3,פקיעין חדשה,שני,1
מחוז צפון,3,צפת,חמישי,1
מחוז צפון,3,צפת,רביעי,1
מחוז צפון,3,צפת,שלישי,2
מחוז צפון,3,צפת,שני,1
מחוז צפון,3,צפת,ראשון,1
מחוז צפון,3,צפת,שבת,1
מחוז צפון,3,קצרין,ראשון,1
מחוז צפון,3,קרית שמונה,חמישי,1
מחוז צפון,3,קרית שמונה,רביעי,1
מחוז צפון,3,קרית שמונה,שני,2
מחוז צפון,3,ראש פינה,שני,1
מחוז צפון,3,ריינה,שלישי,1
מחוז צפון,3,רמת ישי,ראשון,1
מחוז צפון,3,שבלי,רביעי,1
מחוז צפון,3,שבלי,ראשון,1
מחוז צפון,3,שעב,ראשון,1
מחוז צפון,3,שפרעם,שני,1
מחוז צפון,3,Total,,144
מחוז צפון,4,איילת השחר,חמישי,1
מחוז צפון,4,אילניה,שלישי,1
מחוז צפון,4,אכסאל,חמישי,1
מחוז צפון,4,אכסאל,שלישי,2
מחוז צפון,4,אלון הגליל,שבת,1
מחוז צפון,4,אעבלין,חמישי,1
מחוז צפון,4,אעבלין,רביעי,1
מחוז צפון,4,אעבלין,שישי,1
מחוז צפון,4,אפיקים,חמישי,1
מחוז צפון,4,בועיינה נוג'יידאת,שני,1
מחוז צפון,4,בועיינה נוג'יידאת,שישי,1
מחוז צפון,4,ביר אל מכסור,רביעי,1
מחוז צפון,4,בית ג'ן,חמישי,1
מחוז צפון,4,בית השיטה,חמישי,1
מחוז צפון,4,בית לחם הגלילית,שבת,1
מחוז צפון,4,בית קשת,שישי,1
מחוז צפון,4,בית שאן,חמישי,1
מחוז צפון,4,בית שאן,רביעי,3
מחוז צפון,4,בית שאן,שני,3
מחוז צפון,4,בית שאן,ראשון,3
מחוז צפון,4,בית שאן,שבת,4
מחוז צפון,4,בית שאן,שישי,3
מחוז צפון,4,בר יוחאי,ראשון,1
מחוז צפון,4,בר יוחאי,שבת,1
מחוז צפון,4,גדיש,רביעי,1
מחוז צפון,4,גדיש,שני,1
מחוז צפון,4,דבוריה,חמישי,1
מחוז צפון,4,דבוריה,שבת,1
מחוז צפון,4,דבוריה,שישי,1
מחוז צפון,4,דחי,שישי,1
מחוז צפון,4,דייר אל אסד,שני,1
מחוז צפון,4,דייר אל אסד,ראשון,2
מחוז צפון,4,דייר אל אסד,שבת,1
מחוז צפון,4,דפנה,ראשון,1
מחוז צפון,4,זרזיר,רביעי,2
מחוז צפון,4,זרזיר,ראשון,1
מחוז צפון,4,זרזיר,שישי,1
מחוז צפון,4,חוסן,שישי,1
מחוז צפון,4,חוסנייה,שלישי,1
מחוז צפון,4,חוסנייה,שני,1
מחוז צפון,4,חוקוק,שישי,1
מחוז צפון,4,חמאם,חמישי,1
מחוז צפון,4,חנתון,שני,1
מחוז צפון,4,חצור הגלילית,חמישי,1
מחוז צפון,4,חצור הגלילית,שני,1
מחוז צפון,4,טבריה,חמישי,10
מחוז צפון,4,טבריה,רביעי,6
מחוז צפון,4,טבריה,שלישי,7
מחוז צפון,4,טבריה,שני,5
מחוז צפון,4,טבריה,ראשון,5
מחוז צפון,4,טבריה,שבת,6
מחוז צפון,4,טבריה,שישי,10
מחוז צפון,4,טובא זנגריה,ראשון,1
מחוז צפון,4,טובא זנגריה,שבת,1
מחוז צפון,4,טורעאן,רביעי,2
מחוז צפון,4,טמרה,חמישי,1
מחוז צפון,4,טמרה,רביעי,1
מחוז צפון,4,טמרה,שני,1
מחוז צפון,4,טמרה,ראשון,1
מחוז צפון,4,טמרה,שבת,1
מחוז צפון,4,טמרה,שישי,1
מחוז צפון,4,טמרה יזרעאל,חמישי,2
מחוז צפון,4,יבנאל,רביעי,1
מחוז צפון,4,יבנאל,שישי,1
מחוז צפון,4,יפיע,רביעי,1
מחוז צפון,4,יפיע,שני,2
מחוז צפון,4,יפיע,שבת,1
מחוז צפון,4,יפיע,שישי,1
מחוז צפון,4,יפעת,רביעי,1
מחוז צפון,4,יקנעם,ראשון,1
מחוז צפון,4,יקנעם עילית,רביעי,3
מחוז צפון,4,יקנעם עילית,שלישי,1
מחוז צפון,4,יקנעם עילית,ראשון,3
מחוז צפון,4,יקנעם עילית,שבת,3
מחוז צפון,4,יקנעם עילית,שישי,1
מחוז צפון,4,יראון,שני,1
מחוז צפון,4,כאבול,שלישי,1
מחוז צפון,4,כאבול,שבת,1
מחוז צפון,4,כאבול,שישי,1
מחוז צפון,4,כאוכב אבו אל היגא,שלישי,1
מחוז צפון,4,כלנית,שלישי,1
מחוז צפון,4,כמאנה,שבת,1
מחוז צפון,4,כנף,רביעי,1
מחוז צפון,4,כנף,שבת,1
מחוז צפון,4,כעביה טבאש חג'אג'רה,שלישי,1
מחוז צפון,4,כפר בלום,שני,1
מחוז צפון,4,כפר ורדים,שלישי,1
מחוז צפון,4,כפר כנא,רביעי,1
מחוז צפון,4,כפר כנא,שני,2
מחוז צפון,4,כפר מנדא,רביעי,1
מחוז צפון,4,כפר מנדא,שלישי,1
מחוז צפון,4,כפר מנדא,שני,1
מחוז צפון,4,כפר מנדא,ראשון,1
מחוז צפון,4,כפר מנדא,שישי,2
מחוז צפון,4,כרמיאל,חמישי,1
מחוז צפון,4,כרמיאל,שלישי,5
מחוז צפון,4,כרמיאל,שני,3
מחוז צפון,4,כרמיאל,ראשון,4
מחוז צפון,4,כרמיאל,שבת,10
מחוז צפון,4,כרמיאל,שישי,4
מחוז צפון,4,לא ידוע,שישי,1
מחוז צפון,4,להבות הבשן,שני,1
מחוז צפון,4,מג'ד אל כרום,חמישי,1
מחוז צפון,4,מג'ד אל כרום,רביעי,1
מחוז צפון,4,מג'ד אל כרום,שלישי,1
מחוז צפון,4,מג'ד אל כרום,שני,2
מחוז צפון,4,מג'ד אל כרום,שישי,1
מחוז צפון,4,מג'דל שמס,חמישי,1
מחוז צפון,4,מג'דל שמס,רביעי,1
מחוז צפון,4,מג'דל שמס,שני,2
מחוז צפון,4,מג'דל שמס,שבת,1
מחוז צפון,4,מגאר,שלישי,1
מחוז צפון,4,מגאר,ראשון,2
מחוז צפון,4,מגדל העמק,חמישי,3
מחוז צפון,4,מגדל העמק,רביעי,1
מחוז צפון,4,מגדל העמק,שלישי,4
מחוז צפון,4,מגדל העמק,שני,4
מחוז צפון,4,מגדל העמק,ראשון,2
מחוז צפון,4,מגדל העמק,שבת,3
מחוז צפון,4,מגדל העמק,שישי,2
מחוז צפון,4,מוקייבלה,שני,1
מחוז צפון,4,מוקייבלה,ראשון,1
מחוז צפון,4,מכמנים,שבת,1
מחוז צפון,4,מעיליא,רביעי,1
מחוז צפון,4,מעלות תרשיחא,חמישי,1
מחוז צפון,4,מעלות תרשיחא,שלישי,1
מחוז צפון,4,מעלות תרשיחא,שני,1
מחוז צפון,4,מעלות תרשיחא,ראשון,1
מחוז צפון,4,מעלות תרשיחא,שבת,2
מחוז צפון,4,מעלות תרשיחא,שישי,1
מחוז צפון,4,מרחביה קיבוץ,שבת,1
מחוז צפון,4,נהלל,רביעי,1
מחוז צפון,4,נוף הגליל,חמישי,4
מחוז צפון,4,נוף הגליל,רביעי,12
מחוז צפון,4,נוף הגליל,שלישי,4
מחוז צפון,4,נוף הגליל,שני,6
מחוז צפון,4,נוף הגליל,ראשון,2
מחוז צפון,4,נוף הגליל,שבת,9
מחוז צפון,4,נוף הגליל,שישי,8
מחוז צפון,4,נחף,חמישי,1
מחוז צפון,4,נחף,ראשון,1
מחוז צפון,4,נחף,שישי,1
מחוז צפון,4,נצרת,חמישי,1
מחוז צפון,4,נצרת,רביעי,2
מחוז צפון,4,נצרת,שני,1
מחוז צפון,4,נצרת,ראשון,3
מחוז צפון,4,נצרת,שבת,2
מחוז צפון,4,סאג'ור,שלישי,1
מחוז צפון,4,סח'נין,רביעי,5
מחוז צפון,4,סח'נין,שבת,2
מחוז צפון,4,סלמה,רביעי,1
מחוז צפון,4,סלמה,שני,1
מחוז צפון,4,סלמה,שישי,1
מחוז צפון,4,עיילבון,חמישי,1
מחוז צפון,4,עילוט,רביעי,1
מחוז צפון,4,עמוקה,רביעי,1
מחוז צפון,4,עפולה,חמישי,16
מחוז צפון,4,עפולה,רביעי,11
מחוז צפון,4,עפולה,שלישי,9
מחוז צפון,4,עפולה,שני,5
מחוז צפון,4,עפולה,ראשון,10
מחוז צפון,4,עפולה,שבת,13
מחוז צפון,4,עפולה,שישי,9
מחוז צפון,4,עראבה,ראשון,1
מחוז צפון,4,עראבה,שבת,1
מחוז צפון,4,עראבה,שישי,3
מחוז צפון,4,צנדלה,חמישי,1
מחוז צפון,4,צפת,חמישי,2
מחוז צפון,4,צפת,רביעי,5
מחוז צפון,4,צפת,שלישי,2
מחוז צפון,4,צפת,שני,2
מחוז צפון,4,צפת,ראשון,5
מחוז צפון,4,צפת,שבת,2
מחוז צפון,4,צפת,שישי,3
מחוז צפון,4,קדמת צבי,שני,1
מחוז צפון,4,קלע,שישי,1
מחוז צפון,4,קצרין,חמישי,1
מחוז צפון,4,קצרין,רביעי,3
מחוז צפון,4,קרית שמונה,חמישי,1
מחוז צפון,4,קרית שמונה,רביעי,3
מחוז צפון,4,קרית שמונה,שלישי,2
מחוז צפון,4,קרית שמונה,שני,4
מחוז צפון,4,קרית שמונה,ראשון,3
מחוז צפון,4,קרית שמונה,שבת,6
מחוז צפון,4,קרית שמונה,שישי,4
מחוז צפון,4,ראמה,רביעי,1
מחוז צפון,4,ראמה,ראשון,1
מחוז צפון,4,ריינה,שלישי,2
מחוז צפון,4,ריינה,שבת,1
מחוז צפון,4,רמת ישי,חמישי,1
מחוז צפון,4,רמת ישי,ראשון,1
מחוז צפון,4,שבלי,שני,1
מחוז צפון,4,שדה יעקב,שישי,1
מחוז צפון,4,שדמות דבורה,שני,1
מחוז צפון,4,שורשים,שבת,1
מחוז צפון,4,שמשית,שבת,1
מחוז צפון,4,שעב,שלישי,1
מחוז צפון,4,שפר,ראשון,1
מחוז צפון,4,שפרעם,חמישי,1
מחוז צפון,4,שפרעם,רביעי,5
מחוז צפון,4,שפרעם,שני,1
מחוז צפון,4,שפרעם,שבת,1
מחוז צפון,4,שפרעם,שישי,1
מחוז צפון,4,תל קציר,רביעי,1
מחוז צפון,4,Total,,460
מחוז צפון,Total,,,604
מחוז מרכז,3,אבן יהודה,שני,1
מחוז מרכז,3,אלעד,שלישי,1
מחוז מרכז,3,אלעד,ראשון,1
מחוז מרכז,3,אלעד,שבת,1
מחוז מרכז,3,אלעד,שישי,1
מחוז מרכז,3,באר יעקב,ראשון,1
מחוז מרכז,3,בית דגן,רביעי,1
מחוז מרכז,3,ברקת,שישי,1
מחוז מרכז,3,גדרה,שני,1
מחוז מרכז,3,גדרה,ראשון,1
מחוז מרכז,3,גדרה,שבת,2
מחוז מרכז,3,גני עם,רביעי,1
מחוז מרכז,3,הוד השרון,חמישי,1
מחוז מרכז,3,הוד השרון,שלישי,2
מחוז מרכז,3,הוד השרון,שני,3
מחוז מרכז,3,הוד השרון,שישי,1
מחוז מרכז,3,טייבה,חמישי,1
מחוז מרכז,3,טייבה,רביעי,3
מחוז מרכז,3,טייבה,שבת,2
מחוז מרכז,3,טייבה,שישי,1
מחוז מרכז,3,טירה,שני,1
מחוז מרכז,3,טירה,שבת,1
מחוז מרכז,3,יבנה,שלישי,2
מחוז מרכז,3,יבנה,שני,1
מחוז מרכז,3,יבנה,ראשון,3
מחוז מרכז,3,יבנה,שבת,2
מחוז מרכז,3,יבנה,שישי,1
מחוז מרכז,3,יד חנה,חמישי,1
מחוז מרכז,3,יסודות,שלישי,1
מחוז מרכז,3,כוכב יאיר,שני,1
מחוז מרכז,3,כוכב יאיר,שבת,1
מחוז מרכז,3,כפר ברא,ראשון,1
מחוז מרכז,3,כפר יונה,רביעי,3
מחוז מרכז,3,כפר יונה,שישי,1
מחוז מרכז,3,כפר יעבץ,ראשון,1
מחוז מרכז,3,כפר סבא,חמישי,1
מחוז מרכז,3,כפר סבא,שלישי,2
מחוז מרכז,3,כפר סבא,שני,3
מחוז מרכז,3,כפר סבא,ראשון,2
מחוז מרכז,3,כפר סבא,שבת,3
מחוז מרכז,3,כפר סבא,שישי,1
מחוז מרכז,3,כפר קאסם,שני,2
מחוז מרכז,3,כפר קאסם,שבת,1
מחוז מרכז,3,לא ידוע,שני,1
מחוז מרכז,3,לוד,רביעי,2
מחוז מרכז,3,לוד,שלישי,3
מחוז מרכז,3,לוד,שני,4
מחוז מרכז,3,לוד,ראשון,2
מחוז מרכז,3,לוד,שבת,6
מחוז מרכז,3,לפיד,ראשון,1
מחוז מרכז,3,מודיעין מכבים רעות,חמישי,1
מחוז מרכז,3,מודיעין מכבים רעות,ראשון,1
מחוז מרכז,3,מישר,שישי,1
מחוז מרכז,3,מעש,רביעי,1
מחוז מרכז,3,משמר השבעה,שני,1
מחוז מרכז,3,נווה ימין,חמישי,1
מחוז מרכז,3,נורדיה,ראשון,1
מחוז מרכז,3,נס ציונה,שלישי,2
מחוז מרכז,3,נס ציונה,ראשון,1
מחוז מרכז,3,נתניה,חמישי,2
מחוז מרכז,3,נתניה,רביעי,4
מחוז מרכז,3,נתניה,שלישי,8
מחוז מרכז,3,נתניה,שני,8
מחוז מרכז,3,נתניה,ראשון,5
מחוז מרכז,3,נתניה,שבת,9
מחוז מרכז,3,נתניה,שישי,7
מחוז מרכז,3,עזריה,שבת,1
מחוז מרכז,3,פתח תקווה,חמישי,6
מחוז מרכז,3,פתח תקווה,רביעי,1
מחוז מרכז,3,פתח תקווה,שלישי,6
מחוז מרכז,3,פתח תקווה,שני,13
מחוז מרכז,3,פתח תקווה,ראשון,5
מחוז מרכז,3,פתח תקווה,שבת,12
מחוז מרכז,3,פתח תקווה,שישי,3
מחוז מרכז,3,צור יצחק,רביעי,1
מחוז מרכז,3,קדימה צורן,חמישי,1
מחוז מרכז,3,קדימה צורן,שבת,1
מחוז מרכז,3,קלנסווה,שלישי,1
מחוז מרכז,3,קלנסווה,שישי,1
מחוז מרכז,3,קרית עקרון,שלישי,1
מחוז מרכז,3,קרית עקרון,שני,1
מחוז מרכז,3,ראש העין,שלישי,1
מחוז מרכז,3,ראש העין,שני,2
מחוז מרכז,3,ראש העין,שבת,1
מחוז מרכז,3,ראש העין,שישי,2
מחוז מרכז,3,ראשון לציון,חמישי,6
מחוז מרכז,3,ראשון לציון,רביעי,5
מחוז מרכז,3,ראשון לציון,שלישי,5
מחוז מרכז,3,ראשון לציון,שני,8
מחוז מרכז,3,ראשון לציון,ראשון,8
מחוז מרכז,3,ראשון לציון,שבת,8
מחוז מרכז,3,ראשון לציון,שישי,4
מחוז מרכז,3,רחובות,חמישי,2
מחוז מרכז,3,רחובות,שלישי,6
מחוז מרכז,3,רחובות,שני,3
מחוז מרכז,3,רחובות,ראשון,2
מחוז מרכז,3,רחובות,שבת,6
מחוז מרכז,3,רחובות,שישי,1
מחוז מרכז,3,רמלה,חמישי,2
מחוז מרכז,3,רמלה,שלישי,1
מחוז מרכז,3,רמלה,שני,1
מחוז מרכז,3,רמלה,ראשון,1
מחוז מרכז,3,רמלה,שבת,2
מחוז מרכז,3,רמלה,שישי,1
מחוז מרכז,3,רעננה,חמישי,3
מחוז מרכז,3,רעננה,שלישי,3
מחוז מרכז,3,רעננה,ראשון,1
מחוז מרכז,3,רעננה,שישי,2
מחוז מרכז,3,שער אפרים,שבת,1
מחוז מרכז,3,תל מונד,שבת,1
מחוז מרכז,3,Total,,278
מחוז מרכז,4,אבן יהודה,שלישי,1
מחוז מרכז,4,אבן יהודה,ראשון,1
מחוז מרכז,4,אבן יהודה,שבת,1
מחוז מרכז,4,אומץ,רביעי,1
מחוז מרכז,4,אלישמע,חמישי,1
מחוז מרכז,4,אלעד,חמישי,1
מחוז מרכז,4,אלעד,שני,4
מחוז מרכז,4,אלעד,ראשון,1
מחוז מרכז,4,אלעד,שבת,2
מחוז מרכז,4,אלעד,שישי,5
מחוז מרכז,4,באר יעקב,רביעי,1
מחוז מרכז,4,באר יעקב,שלישי,5
מחוז מרכז,4,באר יעקב,שני,1
מחוז מרכז,4,באר יעקב,שבת,1
מחוז מרכז,4,באר יעקב,שישי,3
מחוז מרכז,4,בחן,חמישי,1
מחוז מרכז,4,ג'לג'וליה,שני,1
מחוז מרכז,4,גדרה,חמישי,1
מחוז מרכז,4,גדרה,רביעי,2
מחוז מרכז,4,גדרה,שלישי,2
מחוז מרכז,4,גדרה,ראשון,2
מחוז מרכז,4,גדרה,שבת,1
מחוז מרכז,4,גדרה,שישי,2
מחוז מרכז,4,גני עם,שבת,1
מחוז מרכז,4,הוד השרון,חמישי,1
מחוז מרכז,4,הוד השרון,רביעי,2
מחוז מרכז,4,הוד השרון,שלישי,2
מחוז מרכז,4,הוד השרון,שני,5
מחוז מרכז,4,הוד השרון,ראשון,4
מחוז מרכז,4,הוד השרון,שבת,3
מחוז מרכז,4,הוד השרון,שישי,4
מחוז מרכז,4,זמר,רביעי,2
מחוז מרכז,4,חבצלת השרון,רביעי,1
מחוז מרכז,4,חיבת ציון,שישי,1
מחוז מרכז,4,טייבה,שלישי,1
מחוז מרכז,4,טייבה,שני,2
מחוז מרכז,4,טייבה,שבת,2
מחוז מרכז,4,טירה,חמישי,1
מחוז מרכז,4,טירה,שלישי,3
מחוז מרכז,4,טירה,ראשון,1
מחוז מרכז,4,טירה,שבת,1
מחוז מרכז,4,יבנה,חמישי,4
מחוז מרכז,4,יבנה,רביעי,6
מחוז מרכז,4,יבנה,שלישי,2
מחוז מרכז,4,יבנה,שני,2
מחוז מרכז,4,יבנה,ראשון,3
מחוז מרכז,4,יבנה,שישי,4
מחוז מרכז,4,יד רמב''ם,שני,1
מחוז מרכז,4,ינוב,שבת,1
מחוז מרכז,4,כוכב יאיר,חמישי,1
מחוז מרכז,4,כוכב יאיר,שישי,1
מחוז מרכז,4,כפר ברא,שני,1
מחוז מרכז,4,כפר ברא,ראשון,1
מחוז מרכז,4,כפר ויתקין,שלישי,1
מחוז מרכז,4,כפר חב''ד,שישי,1
מחוז מרכז,4,כפר יונה,רביעי,1
מחוז מרכז,4,כפר יונה,שלישי,3
מחוז מרכז,4,כפר יונה,שני,1
מחוז מרכז,4,כפר יונה,ראשון,2
מחוז מרכז,4,כפר יונה,שבת,2
מחוז מרכז,4,כפר יונה,שישי,2
מחוז מרכז,4,כפר נטר,שישי,1
מחוז מרכז,4,כפר סבא,חמישי,3
מחוז מרכז,4,כפר סבא,רביעי,7
מחוז מרכז,4,כפר סבא,שלישי,2
מחוז מרכז,4,כפר סבא,שני,4
מחוז מרכז,4,כפר סבא,ראשון,11
מחוז מרכז,4,כפר סבא,שבת,4
מחוז מרכז,4,כפר סבא,שישי,4
מחוז מרכז,4,כפר סירקין,רביעי,1
מחוז מרכז,4,כפר קאסם,שלישי,2
מחוז מרכז,4,כפר קאסם,ראשון,1
מחוז מרכז,4,לא ידוע,שלישי,1
מחוז מרכז,4,לא ידוע,שני,1
מחוז מרכז,4,לא ידוע,ראשון,1
מחוז מרכז,4,לוד,חמישי,6
מחוז מרכז,4,לוד,רביעי,9
מחוז מרכז,4,לוד,שלישי,9
מחוז מרכז,4,לוד,שני,5
מחוז מרכז,4,לוד,ראשון,9
מחוז מרכז,4,לוד,שבת,3
מחוז מרכז,4,לוד,שישי,7
מחוז מרכז,4,מודיעין מכבים רעות,חמישי,2
מחוז מרכז,4,מודיעין מכבים רעות,רביעי,3
מחוז מרכז,4,מודיעין מכבים רעות,שלישי,1
מחוז מרכז,4,מודיעין מכבים רעות,ראשון,3
מחוז מרכז,4,מודיעין מכבים רעות,שבת,1
מחוז מרכז,4,מודיעין מכבים רעות,שישי,3
מחוז מרכז,4,מזכרת בתיה,רביעי,1
מחוז מרכז,4,מזכרת בתיה,שני,1
מחוז מרכז,4,מישר,רביעי,1
מחוז מרכז,4,נס ציונה,חמישי,3
מחוז מרכז,4,נס ציונה,רביעי,2
מחוז מרכז,4,נס ציונה,שלישי,1
מחוז מרכז,4,נס ציונה,שני,1
מחוז מרכז,4,נס ציונה,שבת,2
מחוז מרכז,4,נתניה,חמישי,21
מחוז מרכז,4,נתניה,רביעי,21
מחוז מרכז,4,נתניה,שלישי,17
מחוז מרכז,4,נתניה,שני,19
מחוז מרכז,4,נתניה,ראשון,18
מחוז מרכז,4,נתניה,שבת,14
מחוז מרכז,4,נתניה,שישי,22
מחוז מרכז,4,סתריה,שני,1
מחוז מרכז,4,עולש,שני,1
מחוז מרכז,4,פרדסיה,שלישי,1
מחוז מרכז,4,פרדסיה,שני,2
מחוז מרכז,4,פתח תקווה,חמישי,12
מחוז מרכז,4,פתח תקווה,רביעי,22
מחוז מרכז,4,פתח תקווה,שלישי,19
מחוז מרכז,4,פתח תקווה,שני,19
מחוז מרכז,4,פתח תקווה,ראשון,16
מחוז מרכז,4,פתח תקווה,שבת,17
מחוז מרכז,4,פתח תקווה,שישי,25
מחוז מרכז,4,פתחיה,חמישי,1
מחוז מרכז,4,צור יצחק,רביעי,1
מחוז מרכז,4,צור משה,רביעי,1
מחוז מרכז,4,קדימה צורן,חמישי,2
מחוז מרכז,4,קדימה צורן,רביעי,2
מחוז מרכז,4,קדימה צורן,שלישי,2
מחוז מרכז,4,קדימה צורן,שישי,1
מחוז מרכז,4,קלנסווה,חמישי,1
מחוז מרכז,4,קלנסווה,רביעי,2
מחוז מרכז,4,קרית עקרון,חמישי,1
מחוז מרכז,4,קרית עקרון,רביעי,3
מחוז מרכז,4,קרית עקרון,שלישי,1
מחוז מרכז,4,קרית עקרון,שישי,1
מחוז מרכז,4,ראש העין,חמישי,2
מחוז מרכז,4,ראש העין,רביעי,4
מחוז מרכז,4,ראש העין,שלישי,4
מחוז מרכז,4,ראש העין,שני,3
מחוז מרכז,4,ראש העין,ראשון,4
מחוז מרכז,4,ראש העין,שבת,4
מחוז מרכז,4,ראש העין,שישי,10
מחוז מרכז,4,ראשון לציון,חמישי,15
מחוז מרכז,4,ראשון לציון,רביעי,22
מחוז מרכז,4,ראשון לציון,שלישי,12
מחוז מרכז,4,ראשון לציון,שני,11
מחוז מרכז,4,ראשון לציון,ראשון,12
מחוז מרכז,4,ראשון לציון,שבת,19
מחוז מרכז,4,ראשון לציון,שישי,12
מחוז מרכז,4,רחובות,חמישי,15
מחוז מרכז,4,רחובות,רביעי,5
מחוז מרכז,4,רחובות,שלישי,19
מחוז מרכז,4,רחובות,שני,7
מחוז מרכז,4,רחובות,ראשון,2
מחוז מרכז,4,רחובות,שבת,9
מחוז מרכז,4,רחובות,שישי,8
מחוז מרכז,4,רמלה,חמישי,5
מחוז מרכז,4,רמלה,רביעי,3
מחוז מרכז,4,רמלה,שלישי,4
מחוז מרכז,4,רמלה,שני,4
מחוז מרכז,4,רמלה,ראשון,2
מחוז מרכז,4,רמלה,שבת,8
מחוז מרכז,4,רמלה,שישי,7
מחוז מרכז,4,רעננה,חמישי,3
מחוז מרכז,4,רעננה,רביעי,7
מחוז מרכז,4,רעננה,שלישי,2
מחוז מרכז,4,רעננה,שני,3
מחוז מרכז,4,רעננה,ראשון,6
מחוז מרכז,4,רעננה,שבת,1
מחוז מרכז,4,רעננה,שישי,2
מחוז מרכז,4,שוהם,רביעי,2
מחוז מרכז,4,שוהם,שלישי,1
מחוז מרכז,4,שוהם,ראשון,1
מחוז מרכז,4,שעלבים,שישי,1
מחוז מרכז,4,תל מונד,חמישי,1
מחוז מרכז,4,תל מונד,רביעי,3
מחוז מרכז,4,תל מונד,שני,1
מחוז מרכז,4,Total,,786
מחוז מרכז,Total,,,"1,064"
מחוז ירושלים,3,אבו גוש,חמישי,1
מחוז ירושלים,3,אבו גוש,שלישי,1
מחוז ירושלים,3,אבו גוש,ראשון,2
מחוז ירושלים,3,אבו גוש,שבת,1
מחוז ירושלים,3,בית שמש,חמישי,2
מחוז ירושלים,3,בית שמש,שלישי,4
מחוז ירושלים,3,בית שמש,שני,4
מחוז ירושלים,3,בית שמש,ראשון,4
מחוז ירושלים,3,בית שמש,שבת,2
מחוז ירושלים,3,בית שמש,שישי,1
מחוז ירושלים,3,גבעון החדשה,שני,1
מחוז ירושלים,3,גבעת זאב,שני,1
מחוז ירושלים,3,גבעת זאב,שבת,1
מחוז ירושלים,3,הר גילה,שישי,1
מחוז ירושלים,3,ירושלים,חמישי,15
מחוז ירושלים,3,ירושלים,רביעי,9
מחוז ירושלים,3,ירושלים,שלישי,18
מחוז ירושלים,3,ירושלים,שני,23
מחוז ירושלים,3,ירושלים,ראשון,21
מחוז ירושלים,3,ירושלים,שבת,21
מחוז ירושלים,3,ירושלים,שישי,9
מחוז ירושלים,3,כפר עקב,שבת,1
מחוז ירושלים,3,מבשרת ציון,שלישי,1
מחוז ירושלים,3,מבשרת ציון,ראשון,1
מחוז ירושלים,3,עין ראפה,שבת,1
מחוז ירושלים,3,קרית יערים,שישי,1
מחוז ירושלים,3,Total,,147
מחוז ירושלים,4,אבו גוש,שני,1
מחוז ירושלים,4,אבו גוש,ראשון,1
מחוז ירושלים,4,אבו גוש,שבת,2
מחוז ירושלים,4,אבו גוש,שישי,1
מחוז ירושלים,4,אורה,שבת,1
מחוז ירושלים,4,בית שמש,חמישי,4
מחוז ירושלים,4,בית שמש,רביעי,7
מחוז ירושלים,4,בית שמש,שלישי,2
מחוז ירושלים,4,בית שמש,שני,11
מחוז ירושלים,4,בית שמש,ראשון,8
מחוז ירושלים,4,בית שמש,שבת,6
מחוז ירושלים,4,בית שמש,שישי,5
מחוז ירושלים,4,גבעון החדשה,שני,1
מחוז ירושלים,4,גבעת זאב,חמישי,2
מחוז ירושלים,4,גבעת זאב,רביעי,1
מחוז ירושלים,4,גבעת זאב,שני,2
מחוז ירושלים,4,גבעת זאב,ראשון,2
מחוז ירושלים,4,גבעת זאב,שבת,2
מחוז ירושלים,4,גבעת זאב,שישי,2
מחוז ירושלים,4,הר אדר,חמישי,2
מחוז ירושלים,4,ירושלים,חמישי,60
מחוז ירושלים,4,ירושלים,רביעי,49
מחוז ירושלים,4,ירושלים,שלישי,45
מחוז ירושלים,4,ירושלים,שני,52
מחוז ירושלים,4,ירושלים,ראשון,48
מחוז ירושלים,4,ירושלים,שבת,35
מחוז ירושלים,4,ירושלים,שישי,53
מחוז ירושלים,4,כפר עקב,שישי,1
מחוז ירושלים,4,מבשרת ציון,חמישי,1
מחוז ירושלים,4,מבשרת ציון,רביעי,3
מחוז ירושלים,4,מבשרת ציון,שלישי,2
מחוז ירושלים,4,מבשרת ציון,שני,3
מחוז ירושלים,4,מבשרת ציון,שבת,1
מחוז ירושלים,4,מבשרת ציון,שישי,2
מחוז ירושלים,4,עין נקובא,רביעי,1
מחוז ירושלים,4,עמינדב,שבת,1
מחוז ירושלים,4,קרית יערים,שישי,1
מחוז ירושלים,4,קרית ענבים,שלישי,1
מחוז ירושלים,4,Total,,422
מחוז ירושלים,Total,,,569
מחוז חוף,3,אבו סנאן,חמישי,1
מחוז חוף,3,אום אל פחם,שלישי,1
מחוז חוף,3,אום אל פחם,ראשון,1
מחוז חוף,3,אור עקיבא,שלישי,2
מחוז חוף,3,אור עקיבא,שני,2
מחוז חוף,3,אזור תעשייה אכזיב מילואות,ראשון,1
מחוז חוף,3,באקה אל ע'רביה,חמישי,1
מחוז חוף,3,באקה אל ע'רביה,רביעי,1
מחוז חוף,3,באקה אל ע'רביה,שני,1
מחוז חוף,3,באקה אל ע'רביה,ראשון,1
מחוז חוף,3,בית חנניה,ראשון,1
מחוז חוף,3,בן עמי,ראשון,1
מחוז חוף,3,בן עמי,שבת,1
מחוז חוף,3,בנימינה גבעת עדה,שני,2
מחוז חוף,3,בנימינה גבעת עדה,ראשון,1
מחוז חוף,3,בסמ''ה,שישי,1
מחוז חוף,3,ג'סר א זרקא,שלישי,1
מחוז חוף,3,ג'סר א זרקא,שני,1
מחוז חוף,3,ג'סר א זרקא,ראשון,1
מחוז חוף,3,גבע כרמל,ראשון,1
מחוז חוף,3,גבע כרמל,שישי,1
מחוז חוף,3,זכרון יעקב,שבת,1
מחוז חוף,3,חדרה,חמישי,3
מחוז חוף,3,חדרה,רביעי,1
מחוז חוף,3,חדרה,שלישי,3
מחוז חוף,3,חדרה,שני,3
מחוז חוף,3,חדרה,ראשון,4
מחוז חוף,3,חדרה,שבת,7
מחוז חוף,3,חדרה,שישי,1
מחוז חוף,3,חיפה,חמישי,3
מחוז חוף,3,חיפה,רביעי,7
מחוז חוף,3,חיפה,שלישי,11
מחוז חוף,3,חיפה,שני,12
מחוז חוף,3,חיפה,ראשון,14
מחוז חוף,3,חיפה,שבת,16
מחוז חוף,3,חיפה,שישי,5
מחוז חוף,3,חריש,חמישי,1
מחוז חוף,3,חריש,שלישי,1
מחוז חוף,3,חריש,שני,2
מחוז חוף,3,חריש,ראשון,1
מחוז חוף,3,חריש,שבת,6
מחוז חוף,3,טירת כרמל,שני,1
מחוז חוף,3,טירת כרמל,שבת,2
מחוז חוף,3,טירת כרמל,שישי,1
מחוז חוף,3,כפר יאסיף,חמישי,1
מחוז חוף,3,כפר יאסיף,רביעי,1
מחוז חוף,3,כפר יאסיף,ראשון,1
מחוז חוף,3,כפר קרע,שני,1
מחוז חוף,3,כפר קרע,שבת,1
מחוז חוף,3,לא ידוע,שלישי,1
מחוז חוף,3,לוחמי הגיטאות,ראשון,1
מחוז חוף,3,מייסר,שני,1
מחוז חוף,3,נהריה,חמישי,1
מחוז חוף,3,נהריה,שלישי,1
מחוז חוף,3,נהריה,שני,2
מחוז חוף,3,נהריה,שבת,4
מחוז חוף,3,נהריה,שישי,1
מחוז חוף,3,נשר,חמישי,1
מחוז חוף,3,נשר,שלישי,1
מחוז חוף,3,סער,שישי,1
מחוז חוף,3,עכו,חמישי,2
מחוז חוף,3,עכו,רביעי,1
מחוז חוף,3,עכו,ראשון,4
מחוז חוף,3,עכו,שבת,3
מחוז חוף,3,עראמשה,ראשון,1
מחוז חוף,3,ערערה,שבת,1
מחוז חוף,3,פוריידיס,ראשון,1
מחוז חוף,3,פרדס חנה כרכור,חמישי,3
מחוז חוף,3,פרדס חנה כרכור,שלישי,3
מחוז חוף,3,פרדס חנה כרכור,שבת,1
מחוז חוף,3,קיסריה,שלישי,1
מחוז חוף,3,קרית אתא,חמישי,3
מחוז חוף,3,קרית אתא,שלישי,1
מחוז חוף,3,קרית אתא,שני,3
מחוז חוף,3,קרית אתא,ראשון,4
מחוז חוף,3,קרית אתא,שבת,7
מחוז חוף,3,קרית אתא,שישי,1
מחוז חוף,3,קרית ביאליק,חמישי,1
מחוז חוף,3,קרית ביאליק,שני,3
מחוז חוף,3,קרית ביאליק,ראשון,2
מחוז חוף,3,קרית ביאליק,שבת,2
מחוז חוף,3,קרית ביאליק,שישי,1
מחוז חוף,3,קרית טבעון,חמישי,1
מחוז חוף,3,קרית טבעון,שני,1
מחוז חוף,3,קרית ים,רביעי,1
מחוז חוף,3,קרית ים,שלישי,3
מחוז חוף,3,קרית ים,שני,3
מחוז חוף,3,קרית ים,שבת,4
מחוז חוף,3,קרית ים,שישי,1
מחוז חוף,3,קרית מוצקין,חמישי,2
מחוז חוף,3,קרית מוצקין,שלישי,3
מחוז חוף,3,קרית מוצקין,שני,1
מחוז חוף,3,קרית מוצקין,ראשון,2
מחוז חוף,3,קרית מוצקין,שבת,3
מחוז חוף,3,קרית מוצקין,שישי,1
מחוז חוף,3,רכסים,ראשון,2
מחוז חוף,3,שלומי,שבת,1
מחוז חוף,3,שלומי,שישי,1
מחוז חוף,3,Total,,229
מחוז חוף,4,אביאל,שישי,1
מחוז חוף,4,אום אל פחם,חמישי,1
מחוז חוף,4,אום אל פחם,שני,1
מחוז חוף,4,אום אל פחם,שבת,2
מחוז חוף,4,אום אל פחם,שישי,4
מחוז חוף,4,אום אל קוטוף,שני,1
מחוז חוף,4,אור עקיבא,חמישי,3
מחוז חוף,4,אור עקיבא,רביעי,1
מחוז חוף,4,אור עקיבא,שלישי,1
מחוז חוף,4,אור עקיבא,שני,3
מחוז חוף,4,אור עקיבא,ראשון,2
מחוז חוף,4,אור עקיבא,שבת,2
מחוז חוף,4,אור עקיבא,שישי,1
מחוז חוף,4,אשרת,רביעי,1
מחוז חוף,4,באקה אל ע'רביה,שלישי,2
מחוז חוף,4,באקה אל ע'רביה,שני,2
מחוז חוף,4,באקה אל ע'רביה,ראשון,1
מחוז חוף,4,באקה אל ע'רביה,שישי,1
מחוז חוף,4,בנימינה גבעת עדה,שני,1
מחוז חוף,4,ג'דידה מכר,חמישי,1
מחוז חוף,4,ג'דידה מכר,שלישי,2
מחוז חוף,4,ג'דידה מכר,שבת,1
מחוז חוף,4,ג'דידה מכר,שישי,1
מחוז חוף,4,ג'וליס,רביעי,1
מחוז חוף,4,ג'וליס,שלישי,1
מחוז חוף,4,ג'וליס,שני,1
מחוז חוף,4,ג'וליס,שבת,1
מחוז חוף,4,ג'סר א זרקא,חמישי,4
מחוז חוף,4,ג'סר א זרקא,רביעי,1
מחוז חוף,4,ג'סר א זרקא,שלישי,1
מחוז חוף,4,ג'סר א זרקא,שני,1
מחוז חוף,4,ג'סר א זרקא,ראשון,1
מחוז חוף,4,ג'ת,חמישי,1
מחוז חוף,4,ג'ת,שני,1
מחוז חוף,4,גבעת ניל''י,רביעי,1
מחוז חוף,4,דאלית אל כרמל,חמישי,2
מחוז חוף,4,דאלית אל כרמל,רביעי,1
מחוז חוף,4,דאלית אל כרמל,שלישי,1
מחוז חוף,4,דאלית אל כרמל,שני,2
מחוז חוף,4,דאלית אל כרמל,ראשון,1
מחוז חוף,4,דאלית אל כרמל,שבת,1
מחוז חוף,4,זכרון יעקב,חמישי,1
מחוז חוף,4,זכרון יעקב,רביעי,1
מחוז חוף,4,חדרה,חמישי,11
מחוז חוף,4,חדרה,רביעי,12
מחוז חוף,4,חדרה,שלישי,16
מחוז חוף,4,חדרה,שני,14
מחוז חוף,4,חדרה,ראשון,7
מחוז חוף,4,חדרה,שבת,10
מחוז חוף,4,חדרה,שישי,11
מחוז חוף,4,חיפה,חמישי,35
מחוז חוף,4,חיפה,רביעי,34
מחוז חוף,4,חיפה,שלישי,21
מחוז חוף,4,חיפה,שני,21
מחוז חוף,4,חיפה,ראשון,32
מחוז חוף,4,חיפה,שבת,29
מחוז חוף,4,חיפה,שישי,34
מחוז חוף,4,חריש,חמישי,4
מחוז חוף,4,חריש,רביעי,3
מחוז חוף,4,חריש,שלישי,1
מחוז חוף,4,חריש,שני,3
מחוז חוף,4,חריש,ראשון,3
מחוז חוף,4,חריש,שישי,4
מחוז חוף,4,טירת כרמל,חמישי,2
מחוז חוף,4,טירת כרמל,רביעי,4
מחוז חוף,4,טירת כרמל,שלישי,1
מחוז חוף,4,טירת כרמל,שני,2
מחוז חוף,4,טירת כרמל,ראשון,2
מחוז חוף,4,טירת כרמל,שבת,3
מחוז חוף,4,טירת כרמל,שישי,2
מחוז חוף,4,ירכא,חמישי,1
מחוז חוף,4,ירכא,רביעי,1
מחוז חוף,4,ירכא,שלישי,1
מחוז חוף,4,ירכא,שבת,1
מחוז חוף,4,ירכא,שישי,1
מחוז חוף,4,כפר קרע,רביעי,1
מחוז חוף,4,כפר קרע,שני,1
מחוז חוף,4,כפר קרע,שישי,1
מחוז חוף,4,לא ידוע,ראשון,1
מחוז חוף,4,מזרעה,רביעי,1
מחוז חוף,4,מזרעה,שישי,1
מחוז חוף,4,מעלה עירון,שלישי,1
מחוז חוף,4,מעלה עירון,שבת,1
מחוז חוף,4,מעלה עירון,שישי,1
מחוז חוף,4,נהריה,חמישי,7
מחוז חוף,4,נהריה,רביעי,11
מחוז חוף,4,נהריה,שלישי,7
מחוז חוף,4,נהריה,שני,6
מחוז חוף,4,נהריה,ראשון,10
מחוז חוף,4,נהריה,שבת,9
מחוז חוף,4,נהריה,שישי,8
מחוז חוף,4,נשר,חמישי,2
מחוז חוף,4,נשר,שלישי,3
מחוז חוף,4,נשר,שני,3
מחוז חוף,4,נשר,ראשון,6
מחוז חוף,4,נשר,שבת,3
מחוז חוף,4,נשר,שישי,2
מחוז חוף,4,עין שמר,חמישי,1
מחוז חוף,4,עכו,חמישי,5
מחוז חוף,4,עכו,רביעי,4
מחוז חוף,4,עכו,שלישי,5
מחוז חוף,4,עכו,שני,3
מחוז חוף,4,עכו,ראשון,3
מחוז חוף,4,עכו,שבת,2
מחוז חוף,4,עכו,שישי,8
מחוז חוף,4,עספיא,שלישי,1
מחוז חוף,4,עספיא,ראשון,1
מחוז חוף,4,עראמשה,שבת,1
מחוז חוף,4,ערערה,חמישי,2
מחוז חוף,4,ערערה,שני,2
מחוז חוף,4,ערערה,שישי,1
מחוז חוף,4,עתלית,רביעי,1
מחוז חוף,4,עתלית,שלישי,1
מחוז חוף,4,עתלית,ראשון,1
מחוז חוף,4,עתלית,שישי,1
מחוז חוף,4,פוריידיס,חמישי,2
מחוז חוף,4,פוריידיס,שלישי,2
מחוז חוף,4,פוריידיס,ראשון,1
מחוז חוף,4,פוריידיס,שישי,1
מחוז חוף,4,פרדס חנה כרכור,חמישי,4
מחוז חוף,4,פרדס חנה כרכור,רביעי,6
מחוז חוף,4,פרדס חנה כרכור,שלישי,3
מחוז חוף,4,פרדס חנה כרכור,שני,4
מחוז חוף,4,פרדס חנה כרכור,ראשון,6
מחוז חוף,4,פרדס חנה כרכור,שבת,4
מחוז חוף,4,פרדס חנה כרכור,שישי,4
מחוז חוף,4,קציר,שני,1
מחוז חוף,4,קציר,ראשון,1
מחוז חוף,4,קציר,שישי,1
מחוז חוף,4,קרית אתא,חמישי,9
מחוז חוף,4,קרית אתא,רביעי,14
מחוז חוף,4,קרית אתא,שלישי,9
מחוז חוף,4,קרית אתא,שני,6
מחוז חוף,4,קרית אתא,ראשון,4
מחוז חוף,4,קרית אתא,שבת,12
מחוז חוף,4,קרית אתא,שישי,8
מחוז חוף,4,קרית ביאליק,חמישי,11
מחוז חוף,4,קרית ביאליק,רביעי,7
מחוז חוף,4,קרית ביאליק,שני,3
מחוז חוף,4,קרית ביאליק,ראשון,6
מחוז חוף,4,קרית ביאליק,שבת,7
מחוז חוף,4,קרית ביאליק,שישי,7
מחוז חוף,4,קרית טבעון,רביעי,1
מחוז חוף,4,קרית טבעון,ראשון,3
מחוז חוף,4,קרית טבעון,שבת,1
מחוז חוף,4,קרית טבעון,שישי,1
מחוז חוף,4,קרית ים,חמישי,7
מחוז חוף,4,קרית ים,רביעי,4
מחוז חוף,4,קרית ים,שלישי,5
מחוז חוף,4,קרית ים,שני,3
מחוז חוף,4,קרית ים,ראשון,3
מחוז חוף,4,קרית ים,שבת,8
מחוז חוף,4,קרית ים,שישי,4
מחוז חוף,4,קרית מוצקין,חמישי,6
מחוז חוף,4,קרית מוצקין,רביעי,7
מחוז חוף,4,קרית מוצקין,שלישי,6
מחוז חוף,4,קרית מוצקין,שני,3
מחוז חוף,4,קרית מוצקין,ראשון,8
מחוז חוף,4,קרית מוצקין,שבת,5
מחוז חוף,4,קרית מוצקין,שישי,5
מחוז חוף,4,רכסים,רביעי,1
מחוז חוף,4,רכסים,שלישי,1
מחוז חוף,4,רכסים,שני,1
מחוז חוף,4,רכסים,ראשון,2
מחוז חוף,4,רכסים,שבת,1
מחוז חוף,4,שלומי,רביעי,2
מחוז חוף,4,שלומי,ראשון,1
מחוז חוף,4,שער העמקים,שישי,1
מחוז חוף,4,Total,,749
מחוז חוף,Total,,,978
מחוז דרומי,3,אופקים,רביעי,1
מחוז דרומי,3,אופקים,שלישי,1
מחוז דרומי,3,אופקים,שני,1
מחוז דרומי,3,אופקים,ראשון,3
מחוז דרומי,3,אופקים,שבת,1
מחוז דרומי,3,אילת,חמישי,2
מחוז דרומי,3,אילת,שלישי,4
מחוז דרומי,3,אילת,ראשון,3
מחוז דרומי,3,אילת,שבת,1
מחוז דרומי,3,אילת,שישי,2
מחוז דרומי,3,אשבול,ראשון,1
מחוז דרומי,3,אשדוד,שלישי,3
מחוז דרומי,3,אשדוד,שני,7
מחוז דרומי,3,אשדוד,ראשון,5
מחוז דרומי,3,אשדוד,שבת,8
מחוז דרומי,3,אשקלון,שלישי,4
מחוז דרומי,3,אשקלון,שני,4
מחוז דרומי,3,אשקלון,ראשון,5
מחוז דרומי,3,אשקלון,שבת,6
מחוז דרומי,3,אשקלון,שישי,2
מחוז דרומי,3,באר שבע,חמישי,3
מחוז דרומי,3,באר שבע,רביעי,4
מחוז דרומי,3,באר שבע,שלישי,4
מחוז דרומי,3,באר שבע,שני,11
מחוז דרומי,3,באר שבע,ראשון,5
מחוז דרומי,3,באר שבע,שבת,11
מחוז דרומי,3,באר שבע,שישי,2
מחוז דרומי,3,בארי,שבת,1
מחוז דרומי,3,בני עי''ש,שישי,1
מחוז דרומי,3,גן יבנה,ראשון,1
מחוז דרומי,3,גן יבנה,שישי,1
מחוז דרומי,3,דימונה,חמישי,1
מחוז דרומי,3,דימונה,שלישי,2
מחוז דרומי,3,דימונה,שני,1
מחוז דרומי,3,דימונה,ראשון,2
מחוז דרומי,3,דימונה,שישי,1
מחוז דרומי,3,הוואשלה,שלישי,1
מחוז דרומי,3,הוואשלה,שני,1
מחוז דרומי,3,ירוחם,שבת,1
מחוז דרומי,3,לקיה,שלישי,1
מחוז דרומי,3,מעגלים,ראשון,1
מחוז דרומי,3,מצפה רמון,שבת,1
מחוז דרומי,3,נתיבות,רביעי,2
מחוז דרומי,3,נתיבות,שלישי,1
מחוז דרומי,3,נתיבות,שני,1
מחוז דרומי,3,נתיבות,ראשון,2
מחוז דרומי,3,נתיבות,שבת,2
מחוז דרומי,3,נתיבות,שישי,3
מחוז דרומי,3,עזריקם,רביעי,1
מחוז דרומי,3,ערד,שלישי,1
מחוז דרומי,3,ערד,שבת,1
מחוז דרומי,3,ערערה בנגב,שלישי,1
מחוז דרומי,3,קרית גת,חמישי,1
מחוז דרומי,3,קרית גת,רביעי,2
מחוז דרומי,3,קרית גת,שלישי,3
מחוז דרומי,3,קרית גת,ראשון,2
מחוז דרומי,3,קרית גת,שבת,4
מחוז דרומי,3,קרית גת,שישי,3
מחוז דרומי,3,קרית מלאכי,שלישי,2
מחוז דרומי,3,קרית מלאכי,שני,1
מחוז דרומי,3,קרית מלאכי,שבת,1
מחוז דרומי,3,קרית מלאכי,שישי,1
מחוז דרומי,3,רהט,חמישי,1
מחוז דרומי,3,רהט,שלישי,1
מחוז דרומי,3,רהט,שני,2
מחוז דרומי,3,רהט,ראשון,1
מחוז דרומי,3,שדרות,חמישי,1
מחוז דרומי,3,שדרות,רביעי,1
מחוז דרומי,3,שדרות,שני,1
מחוז דרומי,3,שדרות,שישי,2
מחוז דרומי,3,תל שבע,שבת,1
מחוז דרומי,3,Total,,167
מחוז דרומי,4,א סייד,רביעי,1
מחוז דרומי,4,א סייד,שבת,1
מחוז דרומי,4,א סייד שבט,שישי,1
מחוז דרומי,4,אבו תלול,רביעי,1
מחוז דרומי,4,אופקים,חמישי,3
מחוז דרומי,4,אופקים,רביעי,1
מחוז דרומי,4,אופקים,שלישי,4
מחוז דרומי,4,אופקים,שני,4
מחוז דרומי,4,אופקים,ראשון,2
מחוז דרומי,4,אופקים,שבת,2
מחוז דרומי,4,אופקים,שישי,3
מחוז דרומי,4,אילת,חמישי,5
מחוז דרומי,4,אילת,רביעי,9
מחוז דרומי,4,אילת,שלישי,4
מחוז דרומי,4,אילת,שני,5
מחוז דרומי,4,אילת,ראשון,8
מחוז דרומי,4,אילת,שבת,3
מחוז דרומי,4,אילת,שישי,7
מחוז דרומי,4,אשדוד,חמישי,12
מחוז דרומי,4,אשדוד,רביעי,8
מחוז דרומי,4,אשדוד,שלישי,12
מחוז דרומי,4,אשדוד,שני,13
מחוז דרומי,4,אשדוד,ראשון,8
מחוז דרומי,4,אשדוד,שבת,8
מחוז דרומי,4,אשדוד,שישי,9
מחוז דרומי,4,אשקלון,חמישי,14
מחוז דרומי,4,אשקלון,רביעי,10
מחוז דרומי,4,אשקלון,שלישי,11
מחוז דרומי,4,אשקלון,שני,6
מחוז דרומי,4,אשקלון,ראשון,7
מחוז דרומי,4,אשקלון,שבת,10
מחוז דרומי,4,אשקלון,שישי,6
מחוז דרומי,4,באר שבע,חמישי,24
מחוז דרומי,4,באר שבע,רביעי,18
מחוז דרומי,4,באר שבע,שלישי,18
מחוז דרומי,4,באר שבע,שני,17
מחוז דרומי,4,באר שבע,ראשון,7
מחוז דרומי,4,באר שבע,שבת,13
מחוז דרומי,4,באר שבע,שישי,15
מחוז דרומי,4,ביר הדאג',ראשון,1
מחוז דרומי,4,ביר הדאג',שישי,1
מחוז דרומי,4,בית עזרא,שישי,1
מחוז דרומי,4,בני עי''ש,חמישי,2
מחוז דרומי,4,בני עי''ש,שבת,1
מחוז דרומי,4,בני עי''ש,שישי,1
מחוז דרומי,4,גבעתי,חמישי,1
מחוז דרומי,4,גבעתי,ראשון,1
מחוז דרומי,4,גן יבנה,חמישי,1
מחוז דרומי,4,גן יבנה,שני,1
מחוז דרומי,4,גן יבנה,שישי,1
מחוז דרומי,4,דימונה,חמישי,5
מחוז דרומי,4,דימונה,רביעי,2
מחוז דרומי,4,דימונה,שלישי,5
מחוז דרומי,4,דימונה,שני,4
מחוז דרומי,4,דימונה,ראשון,1
מחוז דרומי,4,דימונה,שבת,3
מחוז דרומי,4,דימונה,שישי,3
מחוז דרומי,4,זבדיאל,שלישי,1
מחוז דרומי,4,יושיביה,ראשון,1
מחוז דרומי,4,יכיני,שישי,1
מחוז דרומי,4,ירוחם,רביעי,3
מחוז דרומי,4,ירוחם,שלישי,1
מחוז דרומי,4,ירוחם,שני,1
מחוז דרומי,4,ירוחם,ראשון,1
מחוז דרומי,4,ירוחם,שישי,1
מחוז דרומי,4,כפר הרי''ף,שני,1
מחוז דרומי,4,לא ידוע,שני,2
מחוז דרומי,4,לא ידוע,ראשון,1
מחוז דרומי,4,להבים,חמישי,1
מחוז דרומי,4,לקיה,שלישי,1
מחוז דרומי,4,לקיה,שני,1
מחוז דרומי,4,לקיה,ראשון,1
מחוז דרומי,4,לקיה,שישי,1
מחוז דרומי,4,מיתר,שני,1
מחוז דרומי,4,מנוחה,שני,1
מחוז דרומי,4,מסלול,שבת,1
מחוז דרומי,4,מצפה רמון,שני,1
מחוז דרומי,4,מצפה רמון,שבת,1
מחוז דרומי,4,נבטים,רביעי,1
מחוז דרומי,4,נווה מבטח,רביעי,1
מחוז דרומי,4,נחלה,חמישי,1
מחוז דרומי,4,ניצן,ראשון,1
מחוז דרומי,4,נתיב העשרה,שלישי,1
מחוז דרומי,4,נתיבות,חמישי,7
מחוז דרומי,4,נתיבות,רביעי,2
מחוז דרומי,4,נתיבות,שלישי,2
מחוז דרומי,4,נתיבות,שני,2
מחוז דרומי,4,נתיבות,ראשון,1
מחוז דרומי,4,נתיבות,שבת,5
מחוז דרומי,4,נתיבות,שישי,6
מחוז דרומי,4,סגולה,שלישי,1
מחוז דרומי,4,סגולה,שישי,1
מחוז דרומי,4,עומר,רביעי,1
מחוז דרומי,4,ערד,רביעי,3
מחוז דרומי,4,ערד,שבת,1
מחוז דרומי,4,ערד,שישי,1
מחוז דרומי,4,ערוגות,שבת,1
מחוז דרומי,4,ערערה בנגב,רביעי,1
מחוז דרומי,4,ערערה בנגב,ראשון,1
מחוז דרומי,4,פעמי תש''ז,רביעי,1
מחוז דרומי,4,קרית גת,חמישי,2
מחוז דרומי,4,קרית גת,רביעי,5
מחוז דרומי,4,קרית גת,שלישי,3
מחוז דרומי,4,קרית גת,שני,3
מחוז דרומי,4,קרית גת,ראשון,2
מחוז דרומי,4,קרית גת,שבת,2
מחוז דרומי,4,קרית גת,שישי,4
מחוז דרומי,4,קרית מלאכי,חמישי,2
מחוז דרומי,4,קרית מלאכי,רביעי,1
מחוז דרומי,4,קרית מלאכי,שלישי,4
מחוז דרומי,4,קרית מלאכי,שני,5
מחוז דרומי,4,קרית מלאכי,ראשון,5
מחוז דרומי,4,קרית מלאכי,שבת,1
מחוז דרומי,4,קרית מלאכי,שישי,3
מחוז דרומי,4,רהט,חמישי,2
מחוז דרומי,4,רהט,שלישי,2
מחוז דרומי,4,שדרות,חמישי,2
מחוז דרומי,4,שדרות,רביעי,4
מחוז דרומי,4,שדרות,שלישי,1
מחוז דרומי,4,שדרות,שני,4
מחוז דרומי,4,שדרות,ראשון,1
מחוז דרומי,4,שדרות,שבת,2
מחוז דרומי,4,שתולים,חמישי,1
מחוז דרומי,4,שתולים,רביעי,1
מחוז דרומי,4,שתולים,ראשון,1
מחוז דרומי,4,שתולים,שישי,1
מחוז דרומי,4,תל שבע,חמישי,1
מחוז דרומי,4,תל שבע,שלישי,1
מחוז דרומי,4,תל שבע,שני,1
מחוז דרומי,4,תל שבע,שישי,1
מחוז דרומי,4,תלמי יוסף,ראשון,1
מחוז דרומי,4,Total,,480
מחוז דרומי,Total,,,647
"סה""כ",,,,"5,665"